{"autoplayTransitionDelay":5,"author":"","timestamp":"2021-56-9 15:4:5","loopSlideshow":0,"filename":"역사 ppt 조선후기신분그림 이영범","autoplayBuildDelay":2,"comment":"","title":"역사 ppt 조선후기신분그림 이영범","showMode":0,"creator":"Apple Keynote 10.3.8","slideList":["3860B916-F918-4E87-9C56-12C349CDFDEB","BC81977F-45D5-4420-B934-172D57F94D65","2311F9F5-3C93-4A4E-B87C-22B8A0BEF890"],"soundtrack":{"mode":0,"volume":1},"slideWidth":1413,"slideHeight":1000,"slideCount":3,"majorVersion":1,"minorVersion":2,"fonts":["AvenirNext-Regular","AvenirNext-Bold","AppleSDGothicNeo-Regular","HelveticaNeue","NanumGothicBold","AvenirNext-Italic","BMKIRANGHAERANG-OTF","AvenirNext-Demibold","AvenirNext-Medium"]}