{"assets":{"A0A154F17FEE7E7E52ECD43820DD236F":{"type":"texture","index":1,"assetRequest":{"type":"slide","state":"contents","slide":"none"},"url":{"native":"assets\/BC81977F-45D5-4420-B934-172D57F94D65.pdf"},"width":1413,"height":1000},"73F708E0D435AFADD679020248FB29DE":{"type":"texture","index":0,"assetRequest":{"type":"slide","state":"contents","slide":"none"},"url":{"native":"assets\/BC81977F-45D5-4420-B934-172D57F94D65.pdf"},"width":1413,"height":1000}},"events":[{"effects":[{"beginTime":0,"baseLayer":{"animations":[],"initialState":{"affineTransform":[1,0,0,1,0,0],"masksToBounds":false,"rotation":0,"scale":1,"position":{"pointX":706.5,"pointY":500},"width":1413,"sublayerTransform":[1,0,0,0,0,1,0,0,0,0,1,0,0,0,0,1],"contentsRect":{"y":0,"x":0,"width":1,"height":1},"opacity":1,"edgeAntialiasingMask":251658240,"height":1000,"hidden":false,"anchorPoint":{"pointX":0.5,"pointY":0.5}},"objectID":"0","layers":[{"animations":[],"initialState":{"affineTransform":[1,0,0,1,0,0],"masksToBounds":false,"rotation":0,"scale":1,"position":{"pointX":706.5,"pointY":500},"width":1413,"sublayerTransform":[1,0,0,0,0,1,0,0,0,0,1,-0.00037808545464118067,0,0,0,1],"contentsRect":{"y":0,"x":0,"width":1,"height":1},"opacity":1,"edgeAntialiasingMask":251658240,"height":1000,"hidden":false,"anchorPoint":{"pointX":0.5,"pointY":0.5}},"layers":[{"animations":[],"layers":[],"texturedRectangle":{"isBackgroundTexture":false,"singleTextureOpacity":1,"textureType":0,"textBaseline":0,"textXHeight":0,"isVerticalText":false},"initialState":{"affineTransform":[1,0,0,1,0,0],"masksToBounds":false,"rotation":0,"scale":1,"position":{"pointX":706.5,"pointY":500},"width":1413,"sublayerTransform":[1,0,0,0,0,1,0,0,0,0,1,0,0,0,0,1],"contentsRect":{"y":0,"x":0,"width":1,"height":1},"opacity":1,"edgeAntialiasingMask":0,"height":1000,"hidden":false,"anchorPoint":{"pointX":0.5,"pointY":0.5}},"texture":"A0A154F17FEE7E7E52ECD43820DD236F"},{"animations":[{"additive":false,"timeOffset":0,"beginTime":0,"from":{"scalar":false},"repeatCount":0,"fillMode":"both","duration":0.01,"autoreverses":false,"property":"hidden","to":{"scalar":true},"removedOnCompletion":false}],"layers":[],"texturedRectangle":{"isBackgroundTexture":false,"singleTextureOpacity":1,"textureType":0,"textBaseline":0,"textXHeight":0,"isVerticalText":false},"initialState":{"affineTransform":[1,0,0,1,0,0],"masksToBounds":false,"rotation":0,"scale":1,"position":{"pointX":706.5,"pointY":500},"width":1413,"sublayerTransform":[1,0,0,0,0,1,0,0,0,0,1,0,0,0,0,1],"contentsRect":{"y":0,"x":0,"width":1,"height":1},"opacity":1,"edgeAntialiasingMask":0,"height":1000,"hidden":false,"anchorPoint":{"pointX":0.5,"pointY":0.5}},"texture":"73F708E0D435AFADD679020248FB29DE"}]}]},"effects":[],"duration":0.01,"type":"transition","attributes":{"direction":0},"name":"none","objectID":"0"}],"automaticPlay":false,"hyperlinks":[],"accessibility":[{"text":"양반,중인,상민,천민의 4계층으로 이루어짐.","targetRectangle":{"y":481.17429526720082,"x":52.340164661385934,"width":344.55200000000002,"height":174}},{"text":"피지배층","targetRectangle":{"y":441.24490408453278,"x":1309.6867467182542,"width":90.240000000000009,"height":28}},{"text":"(농민,상인,수공업자)","targetRectangle":{"y":611.02118750946977,"x":929.7586299707242,"width":195.91600000000005,"height":77.399999999999977}},{"text":"상민","targetRectangle":{"y":537.17429252538716,"x":989.63657943790793,"width":76.159999999999968,"height":62}},{"text":"양인","targetRectangle":{"y":397.93960197656054,"x":509.89411345990959,"width":71.439999999999941,"height":44}},{"text":"양반","targetRectangle":{"y":184.19211666584269,"x":987.95657943790798,"width":79.519999999999982,"height":62}},{"text":"(노비,백정,무당,광대,창기)","targetRectangle":{"y":782.7602199362824,"x":897.13856259363592,"width":261.15599999999995,"height":77.399999999999977}},{"text":"중인","targetRectangle":{"y":374.08052658981399,"x":989.63657943790793,"width":76.159999999999968,"height":62}},{"text":"조선의 신분제","targetRectangle":{"y":331.15263735399208,"x":30.66331396167454,"width":351.2000000000001,"height":88}},{"text":"천민","targetRectangle":{"y":709.77215823736481,"x":991.31657943790799,"width":72.800000000000068,"height":62}},{"text":"천민","targetRectangle":{"y":765.5675692021847,"x":391.07884059097853,"width":71.439999999999941,"height":44}},{"text":"(기술관,향리,서얼)","targetRectangle":{"y":439.28213262362772,"x":941.86862997072421,"width":171.69599999999991,"height":77.399999999999977}},{"text":"지배층","targetRectangle":{"y":292.24310107896383,"x":1350.390677740384,"width":67.680000000000064,"height":28}},{"text":"(문 ・ 무반)","targetRectangle":{"y":286.89310141274984,"x":970.56855697887852,"width":114.29599999999994,"height":38.699999999999989}}],"baseLayer":{"animations":[],"initialState":{"affineTransform":[1,0,0,1,0,0],"masksToBounds":false,"rotation":0,"scale":1,"position":{"pointX":706.5,"pointY":500},"width":1413,"sublayerTransform":[1,0,0,0,0,1,0,0,0,0,1,0,0,0,0,1],"contentsRect":{"y":0,"x":0,"width":1,"height":1},"opacity":1,"edgeAntialiasingMask":251658240,"height":1000,"hidden":false,"anchorPoint":{"pointX":0.5,"pointY":0.5}},"objectID":"0","layers":[{"animations":[],"initialState":{"affineTransform":[1,0,0,1,0,0],"masksToBounds":false,"rotation":0,"scale":1,"position":{"pointX":706.5,"pointY":500},"width":1413,"sublayerTransform":[1,0,0,0,0,1,0,0,0,0,1,-0.00037808545464118067,0,0,0,1],"contentsRect":{"y":0,"x":0,"width":1,"height":1},"opacity":1,"edgeAntialiasingMask":251658240,"height":1000,"hidden":false,"anchorPoint":{"pointX":0.5,"pointY":0.5}},"layers":[{"animations":[],"layers":[],"texturedRectangle":{"isBackgroundTexture":false,"singleTextureOpacity":1,"textureType":0,"textBaseline":0,"textXHeight":0,"isVerticalText":false},"initialState":{"affineTransform":[1,0,0,1,0,0],"masksToBounds":false,"rotation":0,"scale":1,"position":{"pointX":706.5,"pointY":500},"width":1413,"sublayerTransform":[1,0,0,0,0,1,0,0,0,0,1,0,0,0,0,1],"contentsRect":{"y":0,"x":0,"width":1,"height":1},"opacity":1,"edgeAntialiasingMask":0,"height":1000,"hidden":false,"anchorPoint":{"pointX":0.5,"pointY":0.5}},"texture":"73F708E0D435AFADD679020248FB29DE"}]}]}}]}